602c34282c34,282c34,282c34,282c34,282c34,282c34,282c34,282c34,282c34,282c34,282c34,282c34,282c34,282c34,282c34,282c34,282c34,282c34,282c34,282c34,282c34,282c34,282c34,282c34,282c34,282c34,282c34,282c34,282c34,282c34,282c34,282c34,282c34,282c34,2838ac,bc78bd,7f2c34,282c34,282c34,282c34,282c34,282c34,282c34,282c34,282c34,282c34,
282c34282c34,282c34,282c34,282c34,282c34,282c34,282c34,282c34,282c34,282c34,282c34,282c34,282c34,282c34,282c34,282c34,282c34,282c34,282c34,282c34,282c34,282c34,282c34,282c34,282c34,282c34,282c34,282c34,282c34,282c34,282c34,282c34,282c34,282c34,2838ac,bc78bd,7f2c34,282c34,282c34,282c34,282c34,282c34,282c34,282c34,282c34,282c34,
282c34282c34,282c34,6051d2,bc51ac,a878dd,c678bd,7f44bd,c678dd,c65f91,282c34,2844bd,c65f91,6051d2,c678dd,c678dd,bc5170,282c34,282c34,282c91,a878dd,c678dd,c678dd,c66cac,602c34,282c34,282c70,986cdd,a84434,7f5fdd,c678dd,c678d2,983834,282c91,a878dd,c678dd,c678dd,c678dd,c678dd,c678d2,983834,282c34,282c34,282c34,282c34,282c34,282c34,
282c34282c34,282c34,6051d2,c678d2,983870,986cdd,c66cac,6038ac,bc78bd,7f2c34,2844bd,c678dd,c65f91,282c34,2838ac,bc78d2,983834,282c70,986cdd,bc5170,282c34,282c70,986cdd,c65f91,282c34,282c70,986cdd,c678dd,bc5170,282c34,7f5fdd,c65f91,282c34,282c34,2838ac,bc78bd,7f2c34,282c34,282c34,282c34,282c34,282c34,282c34,282c34,282c34,282c34,
282c34282c34,282c34,6051d2,c65f91,282c70,986cdd,a84434,2838ac,bc78bd,7f2c34,2844bd,c66cac,602c34,282c34,282c70,986cdd,a84434,2844bd,c678bd,7f2c34,282c34,282c34,2838ac,bc78bd,7f2c34,282c70,986cdd,c65f91,282c34,282c34,2844bd,c66cac,602c34,282c34,2838ac,bc78bd,7f2c34,282c34,282c34,282c34,282c34,282c34,282c34,282c34,282c34,282c34,
282c34282c34,282c34,6051d2,c65f91,282c70,986cdd,a84434,2838ac,bc78bd,7f2c34,2844bd,c66cac,602c34,282c34,282c70,986cdd,bc5170,2844bd,c66cac,602c34,282c34,282c34,2838ac,bc78bd,7f2c34,282c70,986cdd,a84434,282c34,282c34,282c34,282c34,282c34,282c34,2838ac,bc78bd,7f2c34,282c34,282c34,282c34,282c34,282c34,282c34,282c34,282c34,282c34,
282c34282c34,282c34,6051d2,c65f91,282c70,986cdd,a84434,2838ac,bc78bd,7f2c34,2844bd,c66cac,602c34,282c34,282c70,986cdd,a84434,2844bd,c678bd,7f2c34,282c34,282c34,2844bd,c678bd,7f2c34,282c70,986cdd,a84434,282c34,282c34,282c34,282c34,282c34,282c34,2838ac,bc78bd,7f2c34,282c34,282c34,282c34,282c34,282c34,282c34,282c34,282c34,282c34,
282c34282c34,282c34,6051d2,c65f91,282c70,986cdd,a84434,2838ac,bc78bd,7f2c34,2844bd,c66cac,602c34,282c34,6051d2,c678bd,7f2c34,282c91,a878dd,bc5170,282c34,282c70,986cdd,bc5170,282c34,282c70,986cdd,a84434,282c34,282c34,282c34,282c34,282c34,282c34,282c91,a878dd,a84434,282c34,282c34,282c34,282c34,282c34,282c34,282c34,282c34,282c34,
c678ddc65f91,282c34,6051d2,c65f91,282c70,986cdd,a84434,2838ac,bc78bd,7f2c34,2844bd,c678dd,c678dd,c678dd,c678bd,7f2c34,282c34,282c34,282c91,a878dd,c678dd,c678dd,c65f91,282c34,282c34,282c70,986cdd,a84434,282c34,282c34,282c34,282c34,282c34,282c34,282c34,2844bd,c678dd,c678dd,c678d2,983834,282c34,282c34,282c34,282c34,282c34,282c34,
282c34282c34,282c34,282c34,282c34,282c34,282c34,282c34,282c34,282c34,282c34,2844bd,c66cac,602c34,282c34,282c34,282c34,282c34,282c34,282c34,282c34,282c34,282c34,282c34,282c34,282c34,282c34,282c34,282c34,282c34,282c34,282c34,282c34,282c34,282c34,282c34,282c34,282c34,282c34,282c34,282c34,282c34,282c34,282c34,282c34,282c34,282c34,
282c34282c34,282c34,282c34,282c34,282c34,282c34,282c34,282c34,282c34,282c34,2844bd,c66cac,602c34,282c34,282c34,282c34,282c34,282c34,282c34,282c34,282c34,282c34,282c34,282c34,282c34,282c34,282c34,282c34,282c34,282c34,282c34,282c34,282c34,282c34,282c34,282c34,282c34,282c34,282c34,282c34,282c34,282c34,282c34,282c34,282c34,282c34,
282c34282c34,282c34,282c34,282c34,282c34,282c34,282c34,282c34,282c34,282c34,2844bd,c66cac,602c34,282c34,282c34,282c34,282c34,282c34,282c34,282c34,282c34,282c34,282c34,282c34,282c34,282c34,282c34,282c34,282c34,282c34,282c34,282c34,282c34,282c34,282c34,282c34,282c34,282c34,282c34,282c34,282c34,282c34,282c34,282c34,282c34,282c34,
282c34282c34,282c34,282c34,282c34,282c34,282c34,282c34,282c34,282c34,282c34,282c34,282c34,282c34,282c34,282c34,282c34,282c34,282c34,282c34,282c34,282c34,282c34,282c34,282c34,282c34,282c34,282c34,282c34,282c34,282c34,282c34,282c34,282c34,282c34,282c34,282c34,282c34,282c34,282c34,282c34,282c34,282c34,282c34,282c34,282c34,282c34,
282c34282c34,282c34,282c34,282c34,282c34,282c34,282c34,282c34,282c34,282c34,282c34,282c34,282c34,282c34,282c34,282c34,282c34,282c34,282c34,282c34,282c34,282c34,282c34,282c34,282c34,282c34,282c34,282c34,282c34,282c34,282c34,282c34,282c34,282c34,282c34,282c34,282c34,282c34,282c34,282c34,282c34,282c34,282c34,282c34,282c34,282c34,
282c34282c34,282c34,282c34,282c34,282c34,282c34,282c34,282c34,282c34,282c34,282c34,282c34,282c34,282c34,282c34,282c34,282c34,282c34,282c34,282c34,282c34,282c34,282c34,282c34,282c34,282c34,282c34,282c34,282c34,282c34,282c34,282c34,282c34,282c34,282c34,282c34,282c34,282c34,282c34,282c34,282c34,282c34,282c34,282c34,282c34,282c34,
282c34282c34,282c34,282c34,282c34,282c34,282c34,282c34,282c34,282c34,282c34,282c34,282c34,282c34,282c34,282c34,282c34,282c34,282c34,282c34,282c34,282c34,282c34,282c34,282c34,282c34,282c34,282c34,282c34,282c34,282c34,282c34,282c34,282c34,282c34,282c34,282c34,282c34,282c34,282c34,282c34,282c34,282c34,282c34,282c34,282c34,282c34,
282c34282c34,282c34,282c34,282c34,282c34,282c34,282c34,282c34,282c34,282c34,282c34,282c34,282c34,282c34,282c34,282c34,282c34,282c34,282c34,282c34,282c34,282c34,282c34,282c34,282c34,282c34,282c34,282c34,282c34,282c34,282c34,282c34,282c34,282c34,282c34,282c34,282c34,282c34,282c34,282c34,282c34,282c34,282c34,282c34,282c34,282c34,
282c34282c34,282c34,282c34,282c34,282c34,282c34,282c34,282c34,282c34,282c34,282c34,282c34,282c34,282c34,282c34,282c34,282c34,282c34,282c34,282c34,282c34,282c34,282c34,282c34,282c34,282c34,282c34,282c34,282c34,282c34,282c34,282c34,282c34,282c34,282c34,282c34,282c34,282c34,282c34,282c34,282c34,282c34,282c34,282c34,282c34,282c34,
282c34282c34,282c34,282c34,282c34,282c34,282c34,282c34,282c34,282c34,282c34,282c34,282c34,282c34,282c34,282c34,282c34,282c34,282c34,282c34,282c34,282c34,282c34,282c34,282c34,282c34,282c34,282c34,282c34,282c34,282c34,282c34,282c34,282c34,282c34,282c34,282c34,282c34,282c34,282c34,282c34,282c34,282c34,282c34,282c34,282c34,282c34,
282c34282c34,282c34,282c34,282c34,282c34,282c34,282c34,282c34,282c34,282c34,282c34,282c34,282c34,282c34,282c34,282c34,282c34,282c34,282c34,282c34,282c34,282c34,282c34,282c34,282c34,282c34,282c34,282c34,282c34,282c34,282c34,282c34,282c34,282c34,282c34,282c34,282c34,282c34,282c34,282c34,282c34,282c34,282c34,282c34,282c34,282c34,
602c34282c34,282c34,282c34,282c34,282c34,282c34,282c34,282c34,282c34,282c34,282c34,282c34,282c34,282c34,282c34,282c34,282c34,282c34,282c34,282c34,282c34,282c34,282c34,282c34,282c34,282c34,282c34,282c34,282c34,282c34,282c34,282c34,282c34,282c34,282c34,282c34,282c34,282c34,282c34,282c34,282c34,282c34,282c34,282c34,282c34,282c34,
602c34282c34,282c34,282c34,282c34,282c34,282c34,282c34,282c34,282c34,282c34,282c34,282c34,282c34,282c34,282c34,282c34,282c34,282c34,282c34,282c34,282c34,282c34,282c34,282c34,282c34,282c34,282c34,282c34,282c34,282c34,282c34,282c34,282c34,282c34,2838ac,bc78bd,7f2c34,282c34,282c34,282c34,282c34,282c34,282c34,282c34,282c34,282c34,
282c34282c34,282c34,282c34,282c34,282c34,282c34,282c34,282c34,282c34,282c34,282c34,282c34,282c34,282c34,282c34,282c34,282c34,282c34,282c34,282c34,282c34,282c34,282c34,282c34,282c34,282c34,282c34,282c34,282c34,282c34,282c34,282c34,282c34,282c34,2838ac,bc78bd,7f2c34,282c34,282c34,282c34,282c34,282c34,282c34,282c34,282c34,282c34,
282c34282c34,282c34,6051d2,bc51ac,a878dd,c678bd,7f44bd,c678dd,c65f91,282c34,2844bd,c65f91,6051d2,c678dd,c678dd,bc5170,282c34,282c34,282c91,a878dd,c678dd,c678dd,c66cac,602c34,282c34,282c70,986cdd,a84434,7f5fdd,c678dd,c678d2,983834,282c91,a878dd,c678dd,c678dd,c678dd,c678dd,c678d2,983834,282c34,282c34,282c34,282c34,282c34,282c34,
282c34282c34,282c34,6051d2,c678d2,983870,986cdd,c66cac,6038ac,bc78bd,7f2c34,2844bd,c678dd,c65f91,282c34,2838ac,bc78d2,983834,282c70,986cdd,bc5170,282c34,282c70,986cdd,c65f91,282c34,282c70,986cdd,c678dd,bc5170,282c34,7f5fdd,c65f91,282c34,282c34,2838ac,bc78bd,7f2c34,282c34,282c34,282c34,282c34,282c34,282c34,282c34,282c34,282c34,
282c34282c34,282c34,6051d2,c65f91,282c70,986cdd,a84434,2838ac,bc78bd,7f2c34,2844bd,c66cac,602c34,282c34,282c70,986cdd,a84434,2844bd,c678bd,7f2c34,282c34,282c34,2838ac,bc78bd,7f2c34,282c70,986cdd,c65f91,282c34,282c34,2844bd,c66cac,602c34,282c34,2838ac,bc78bd,7f2c34,282c34,282c34,282c34,282c34,282c34,282c34,282c34,282c34,282c34,
282c34282c34,282c34,6051d2,c65f91,282c70,986cdd,a84434,2838ac,bc78bd,7f2c34,2844bd,c66cac,602c34,282c34,282c70,986cdd,bc5170,2844bd,c66cac,602c34,282c34,282c34,2838ac,bc78bd,7f2c34,282c70,986cdd,a84434,282c34,282c34,282c34,282c34,282c34,282c34,2838ac,bc78bd,7f2c34,282c34,282c34,282c34,282c34,282c34,282c34,282c34,282c34,282c34,
282c34282c34,282c34,6051d2,c65f91,282c70,986cdd,a84434,2838ac,bc78bd,7f2c34,2844bd,c66cac,602c34,282c34,282c70,986cdd,a84434,2844bd,c678bd,7f2c34,282c34,282c34,2844bd,c678bd,7f2c34,282c70,986cdd,a84434,282c34,282c34,282c34,282c34,282c34,282c34,2838ac,bc78bd,7f2c34,282c34,282c34,282c34,282c34,282c34,282c34,282c34,282c34,282c34,
282c34282c34,282c34,6051d2,c65f91,282c70,986cdd,a84434,2838ac,bc78bd,7f2c34,2844bd,c66cac,602c34,282c34,6051d2,c678bd,7f2c34,282c91,a878dd,bc5170,282c34,282c70,986cdd,bc5170,282c34,282c70,986cdd,a84434,282c34,282c34,282c34,282c34,282c34,282c34,282c91,a878dd,a84434,282c34,282c34,282c34,282c34,282c34,282c34,282c34,282c34,282c34,
c678ddc65f91,282c34,6051d2,c65f91,282c70,986cdd,a84434,2838ac,bc78bd,7f2c34,2844bd,c678dd,c678dd,c678dd,c678bd,7f2c34,282c34,282c34,282c91,a878dd,c678dd,c678dd,c65f91,282c34,282c34,282c70,986cdd,a84434,282c34,282c34,282c34,282c34,282c34,282c34,282c34,2844bd,c678dd,c678dd,c678d2,983834,282c34,282c34,282c34,282c34,282c34,282c34,
282c34282c34,282c34,282c34,282c34,282c34,282c34,282c34,282c34,282c34,282c34,2844bd,c66cac,602c34,282c34,282c34,282c34,282c34,282c34,282c34,282c34,282c34,282c34,282c34,282c34,282c34,282c34,282c34,282c34,282c34,282c34,282c34,282c34,282c34,282c34,282c34,282c34,282c34,282c34,282c34,282c34,282c34,282c34,282c34,282c34,282c34,282c34,
282c34282c34,282c34,282c34,282c34,282c34,282c34,282c34,282c34,282c34,282c34,2844bd,c66cac,602c34,282c34,282c34,282c34,282c34,282c34,282c34,282c34,282c34,282c34,282c34,282c34,282c34,282c34,282c34,282c34,282c34,282c34,282c34,282c34,282c34,282c34,282c34,282c34,282c34,282c34,282c34,282c34,282c34,282c34,282c34,282c34,282c34,282c34,
282c34282c34,282c34,282c34,282c34,282c34,282c34,282c34,282c34,282c34,282c34,2844bd,c66cac,602c34,282c34,282c34,282c34,282c34,282c34,282c34,282c34,282c34,282c34,282c34,282c34,282c34,282c34,282c34,282c34,282c34,282c34,282c34,282c34,282c34,282c34,282c34,282c34,282c34,282c34,282c34,282c34,282c34,282c34,282c34,282c34,282c34,282c34,
282c34282c34,282c34,282c34,282c34,282c34,282c34,282c34,282c34,282c34,282c34,282c34,282c34,282c34,282c34,282c34,282c34,282c34,282c34,282c34,282c34,282c34,282c34,282c34,282c34,282c34,282c34,282c34,282c34,282c34,282c34,282c34,282c34,282c34,282c34,282c34,282c34,282c34,282c34,282c34,282c34,282c34,282c34,282c34,282c34,282c34,282c34,
282c34282c34,282c34,282c34,282c34,282c34,282c34,282c34,282c34,282c34,282c34,282c34,282c34,282c34,282c34,282c34,282c34,282c34,282c34,282c34,282c34,282c34,282c34,282c34,282c34,282c34,282c34,282c34,282c34,282c34,282c34,282c34,282c34,282c34,282c34,282c34,282c34,282c34,282c34,282c34,282c34,282c34,282c34,282c34,282c34,282c34,282c34,
282c34282c34,282c34,282c34,282c34,282c34,282c34,282c34,282c34,282c34,282c34,282c34,282c34,282c34,282c34,282c34,282c34,282c34,282c34,282c34,282c34,282c34,282c34,282c34,282c34,282c34,282c34,282c34,282c34,282c34,282c34,282c34,282c34,282c34,282c34,282c34,282c34,282c34,282c34,282c34,282c34,282c34,282c34,282c34,282c34,282c34,282c34,
282c34282c34,282c34,282c34,282c34,282c34,282c34,282c34,282c34,282c34,282c34,282c34,282c34,282c34,282c34,282c34,282c34,282c34,282c34,282c34,282c34,282c34,282c34,282c34,282c34,282c34,282c34,282c34,282c34,282c34,282c34,282c34,282c34,282c34,282c34,282c34,282c34,282c34,282c34,282c34,282c34,282c34,282c34,282c34,282c34,282c34,282c34,
282c34282c34,282c34,282c34,282c34,282c34,282c34,282c34,282c34,282c34,282c34,282c34,282c34,282c34,282c34,282c34,282c34,282c34,282c34,282c34,282c34,282c34,282c34,282c34,282c34,282c34,282c34,282c34,282c34,282c34,282c34,282c34,282c34,282c34,282c34,282c34,282c34,282c34,282c34,282c34,282c34,282c34,282c34,282c34,282c34,282c34,282c34,
282c34282c34,282c34,282c34,282c34,282c34,282c34,282c34,282c34,282c34,282c34,282c34,282c34,282c34,282c34,282c34,282c34,282c34,282c34,282c34,282c34,282c34,282c34,282c34,282c34,282c34,282c34,282c34,282c34,282c34,282c34,282c34,282c34,282c34,282c34,282c34,282c34,282c34,282c34,282c34,282c34,282c34,282c34,282c34,282c34,282c34,282c34,
282c34282c34,282c34,282c34,282c34,282c34,282c34,282c34,282c34,282c34,282c34,282c34,282c34,282c34,282c34,282c34,282c34,282c34,282c34,282c34,282c34,282c34,282c34,282c34,282c34,282c34,282c34,282c34,282c34,282c34,282c34,282c34,282c34,282c34,282c34,282c34,282c34,282c34,282c34,282c34,282c34,282c34,282c34,282c34,282c34,282c34,282c34,
282c34282c34,282c34,282c34,282c34,282c34,282c34,282c34,282c34,282c34,282c34,282c34,282c34,282c34,282c34,282c34,282c34,282c34,282c34,282c34,282c34,282c34,282c34,282c34,282c34,282c34,282c34,282c34,282c34,282c34,282c34,282c34,282c34,282c34,282c34,282c34,282c34,282c34,282c34,282c34,282c34,282c34,282c34,282c34,282c34,282c34,282c34,
602c34282c34,282c34,282c34,282c34,282c34,282c34,282c34,282c34,282c34,282c34,282c34,282c34,282c34,282c34,282c34,282c34,282c34,282c34,282c34,282c34,282c34,282c34,282c34,282c34,282c34,282c34,282c34,282c34,282c34,282c34,282c34,282c34,282c34,282c34,282c34,282c34,282c34,282c34,282c34,282c34,282c34,282c34,282c34,282c34,282c34,282c34,
602c34282c34,282c34,282c34,282c34,282c34,282c34,282c34,282c34,282c34,282c34,282c34,282c34,282c34,282c34,282c34,282c34,282c34,282c34,282c34,282c34,282c34,282c34,282c34,282c34,282c34,282c34,282c34,282c34,282c34,282c34,282c34,282c34,282c34,282c34,2838ac,bc78bd,7f2c34,282c34,282c34,282c34,282c34,282c34,282c34,282c34,282c34,282c34,
282c34282c34,282c34,282c34,282c34,282c34,282c34,282c34,282c34,282c34,282c34,282c34,282c34,282c34,282c34,282c34,282c34,282c34,282c34,282c34,282c34,282c34,282c34,282c34,282c34,282c34,282c34,282c34,282c34,282c34,282c34,282c34,282c34,282c34,282c34,2838ac,bc78bd,7f2c34,282c34,282c34,282c34,282c34,282c34,282c34,282c34,282c34,282c34,
282c34282c34,282c34,6051d2,bc51ac,a878dd,c678bd,7f44bd,c678dd,c65f91,282c34,2844bd,c65f91,6051d2,c678dd,c678dd,bc5170,282c34,282c34,282c91,a878dd,c678dd,c678dd,c66cac,602c34,282c34,282c70,986cdd,a84434,7f5fdd,c678dd,c678d2,983834,282c91,a878dd,c678dd,c678dd,c678dd,c678dd,c678d2,983834,282c34,282c34,282c34,282c34,282c34,282c34,
282c34282c34,282c34,6051d2,c678d2,983870,986cdd,c66cac,6038ac,bc78bd,7f2c34,2844bd,c678dd,c65f91,282c34,2838ac,bc78d2,983834,282c70,986cdd,bc5170,282c34,282c70,986cdd,c65f91,282c34,282c70,986cdd,c678dd,bc5170,282c34,7f5fdd,c65f91,282c34,282c34,2838ac,bc78bd,7f2c34,282c34,282c34,282c34,282c34,282c34,282c34,282c34,282c34,282c34,
282c34282c34,282c34,6051d2,c65f91,282c70,986cdd,a84434,2838ac,bc78bd,7f2c34,2844bd,c66cac,602c34,282c34,282c70,986cdd,a84434,2844bd,c678bd,7f2c34,282c34,282c34,2838ac,bc78bd,7f2c34,282c70,986cdd,c65f91,282c34,282c34,2844bd,c66cac,602c34,282c34,2838ac,bc78bd,7f2c34,282c34,282c34,282c34,282c34,282c34,282c34,282c34,282c34,282c34,
282c34282c34,282c34,6051d2,c65f91,282c70,986cdd,a84434,2838ac,bc78bd,7f2c34,2844bd,c66cac,602c34,282c34,282c70,986cdd,bc5170,2844bd,c66cac,602c34,282c34,282c34,2838ac,bc78bd,7f2c34,282c70,986cdd,a84434,282c34,282c34,282c34,282c34,282c34,282c34,2838ac,bc78bd,7f2c34,282c34,282c34,282c34,282c34,282c34,282c34,282c34,282c34,282c34,
282c34282c34,282c34,6051d2,c65f91,282c70,986cdd,a84434,2838ac,bc78bd,7f2c34,2844bd,c66cac,602c34,282c34,282c70,986cdd,a84434,2844bd,c678bd,7f2c34,282c34,282c34,2844bd,c678bd,7f2c34,282c70,986cdd,a84434,282c34,282c34,282c34,282c34,282c34,282c34,2838ac,bc78bd,7f2c34,282c34,282c34,282c34,282c34,282c34,282c34,282c34,282c34,282c34,
282c34282c34,282c34,6051d2,c65f91,282c70,986cdd,a84434,2838ac,bc78bd,7f2c34,2844bd,c66cac,602c34,282c34,6051d2,c678bd,7f2c34,282c91,a878dd,bc5170,282c34,282c70,986cdd,bc5170,282c34,282c70,986cdd,a84434,282c34,282c34,282c34,282c34,282c34,282c34,282c91,a878dd,a84434,282c34,282c34,282c34,282c34,282c34,282c34,282c34,282c34,282c34,
